time,HEADWATER,TAILWATER,GAGE_1
1.000000000000,-1495.8,-1046.9,3044.3
2.000000000000,-1426.6,-987.29,2915.5
3.000000000000,-1368.3,-939.49,2809.4
4.000000000000,-1317.3,-899.42,2718.4
5.000000000000,-1272.4,-865.39,2639.5
6.000000000000,-1232.9,-836.43,2571.0
7.000000000000,-1198.4,-811.99,2512.1
8.000000000000,-1168.2,-791.32,2461.2
9.000000000000,-1142.1,-774.02,2417.8
10.00000000000,-1119.6,-759.61,2380.8
11.00000000000,-1100.5,-747.96,2350.1
12.00000000000,-1084.5,-738.65,2324.8
13.00000000000,-1071.5,-731.59,2304.7
14.00000000000,-1061.1,-726.44,2289.1
15.00000000000,-1053.1,-723.05,2277.8
16.00000000000,-1047.3,-721.25,2270.2
17.00000000000,-1043.8,-721.03,2266.4
18.00000000000,-1042.4,-722.29,2266.3
19.00000000000,-1042.8,-724.77,2269.2
20.00000000000,-1044.9,-728.39,2274.9
21.00000000000,-1048.7,-733.24,2283.6
22.00000000000,-1054.2,-739.13,2294.9
23.00000000000,-1061.1,-745.93,2308.6
24.00000000000,-1069.2,-753.50,2324.3
25.00000000000,-1078.8,-762.11,2342.5
26.00000000000,-1089.7,-771.48,2362.8
27.00000000000,-1101.7,-781.56,2384.8
28.00000000000,-1114.8,-792.31,2408.6
29.00000000000,-1128.8,-803.62,2434.0
30.00000000000,-1144.0,-815.73,2461.3
31.00000000000,-1160.1,-828.37,2490.0
32.00000000000,-1177.2,-841.58,2520.3
33.00000000000,-1194.8,-855.10,2551.5
34.00000000000,-1213.6,-869.39,2584.5
35.00000000000,-1233.1,-884.05,2618.6
36.00000000000,-1253.4,-899.28,2654.2
37.00000000000,-1274.1,-914.63,2690.2
38.00000000000,-1295.5,-930.46,2727.5
39.00000000000,-1317.5,-946.54,2765.5
40.00000000000,-1340.1,-963.09,2804.7
41.00000000000,-1363.2,-979.86,2844.6
42.00000000000,-1386.8,-996.93,2885.3
43.00000000000,-1411.0,-1014.4,2926.9
44.00000000000,-1435.7,-1032.0,2969.2
45.00000000000,-1460.7,-1049.9,3012.1
46.00000000000,-1485.9,-1067.9,3055.3
47.00000000000,-1511.6,-1086.1,3099.3
48.00000000000,-1537.5,-1104.4,3143.3
49.00000000000,-1563.8,-1123.0,3188.3
50.00000000000,-1590.5,-1141.8,3233.7
51.00000000000,-1617.3,-1160.6,3279.4
52.00000000000,-1644.5,-1179.6,3325.5
53.00000000000,-1671.9,-1198.8,3372.1
54.00000000000,-1699.3,-1217.9,3418.7
55.00000000000,-1727.1,-1237.3,3465.8
56.00000000000,-1754.8,-1256.5,3512.8
57.00000000000,-1783.0,-1276.1,3560.5
58.00000000000,-1811.3,-1295.7,3608.4
59.00000000000,-1839.4,-1315.2,3656.0
60.00000000000,-1867.6,-1334.6,3703.7
61.00000000000,-1895.9,-1354.1,3751.4
62.00000000000,-1924.2,-1373.5,3799.1
63.00000000000,-1952.5,-1393.0,3846.9
64.00000000000,-1980.9,-1412.5,3894.8
65.00000000000,-2009.2,-1432.0,3942.6
66.00000000000,-2037.7,-1451.5,3990.6
67.00000000000,-2066.1,-1470.9,4038.4
68.00000000000,-2094.4,-1490.3,4086.1
69.00000000000,-2122.7,-1509.6,4133.7
70.00000000000,-2150.8,-1528.8,4180.9
71.00000000000,-2178.7,-1547.7,4227.7
72.00000000000,-2206.6,-1566.7,4274.6
73.00000000000,-2234.4,-1585.6,4321.2
74.00000000000,-2262.1,-1604.4,4367.8
75.00000000000,-2289.7,-1623.2,4414.2
76.00000000000,-2317.2,-1641.9,4460.4
77.00000000000,-2344.3,-1660.2,4505.8
78.00000000000,-2371.3,-1678.4,4551.0
79.00000000000,-2398.1,-1696.5,4595.8
80.00000000000,-2424.8,-1714.6,4640.7
81.00000000000,-2451.2,-1732.4,4684.8
82.00000000000,-2477.4,-1750.1,4728.7
83.00000000000,-2503.3,-1767.4,4772.0
84.00000000000,-2528.7,-1784.4,4814.4
85.00000000000,-2553.9,-1801.4,4856.5
86.00000000000,-2579.0,-1818.2,4898.5
87.00000000000,-2603.9,-1834.9,4940.0
88.00000000000,-2628.3,-1851.2,4980.7
89.00000000000,-2652.5,-1867.3,5021.0
90.00000000000,-2676.5,-1883.4,5061.1
91.00000000000,-2699.9,-1899.0,5100.1
92.00000000000,-2723.2,-1914.5,5138.8
93.00000000000,-2745.0,-1928.8,5175.0
94.00000000000,-2766.9,-1943.2,5211.2
95.00000000000,-2788.3,-1957.3,5246.8
96.00000000000,-2809.7,-1971.5,5282.3
97.00000000000,-2830.4,-1985.1,5316.7
98.00000000000,-2850.9,-1998.6,5350.6
99.00000000000,-2871.2,-2012.0,5384.3
100.0000000000,-2891.0,-2025.0,5417.1
101.0000000000,-2910.4,-2037.8,5449.3
102.0000000000,-2929.8,-2050.6,5481.5
103.0000000000,-2948.9,-2063.1,5513.1
104.0000000000,-2967.3,-2075.2,5543.5
105.0000000000,-2985.6,-2087.2,5573.9
106.0000000000,-3003.2,-2098.7,5603.0
107.0000000000,-3020.2,-2109.7,5631.0
108.0000000000,-3037.1,-2120.8,5659.1
109.0000000000,-3053.8,-2131.7,5686.6
110.0000000000,-3069.9,-2142.2,5713.1
111.0000000000,-3085.7,-2152.5,5739.3
112.0000000000,-3101.0,-2162.4,5764.4
113.0000000000,-3115.6,-2171.8,5788.5
114.0000000000,-3130.0,-2181.1,5812.2
115.0000000000,-3143.5,-2189.6,5834.1
116.0000000000,-3156.8,-2198.2,5856.0
117.0000000000,-3169.8,-2206.5,5877.3
118.0000000000,-3182.4,-2214.5,5898.0
119.0000000000,-3194.3,-2222.0,5917.4
120.0000000000,-3205.5,-2229.0,5935.6
121.0000000000,-3216.3,-2235.7,5953.0
122.0000000000,-3226.8,-2242.2,5970.0
123.0000000000,-3236.8,-2248.5,5986.3
124.0000000000,-3246.4,-2254.5,6001.9
125.0000000000,-3255.5,-2260.0,6016.5
126.0000000000,-3263.9,-2265.1,6030.0
127.0000000000,-3272.0,-2269.9,6042.9
128.0000000000,-3279.4,-2274.4,6054.8
129.0000000000,-3286.7,-2278.7,6066.5
130.0000000000,-3293.0,-2282.3,6076.4
131.0000000000,-3298.7,-2285.5,6085.1
132.0000000000,-3303.7,-2288.2,6092.9
133.0000000000,-3308.8,-2290.9,6100.7
134.0000000000,-3313.2,-2293.3,6107.5
135.0000000000,-3317.0,-2295.2,6113.3
136.0000000000,-3320.3,-2296.7,6118.1
137.0000000000,-3323.0,-2297.8,6121.8
138.0000000000,-3325.0,-2298.5,6124.5
139.0000000000,-3326.6,-2298.9,6126.5
140.0000000000,-3327.8,-2298.9,6127.7
141.0000000000,-3328.4,-2298.7,6128.1
142.0000000000,-3328.2,-2297.8,6127.1
143.0000000000,-3327.7,-2296.7,6125.4
144.0000000000,-3326.8,-2295.4,6123.2
145.0000000000,-3324.9,-2293.3,6119.2
146.0000000000,-3322.6,-2291.0,6114.7
147.0000000000,-3319.8,-2288.3,6109.2
148.0000000000,-3316.6,-2285.4,6103.0
149.0000000000,-3312.8,-2282.1,6095.9
150.0000000000,-3308.6,-2278.5,6088.1
151.0000000000,-3303.7,-2274.4,6079.2
152.0000000000,-3298.5,-2270.1,6069.6
153.0000000000,-3292.4,-2265.2,6058.6
154.0000000000,-3286.2,-2260.2,6047.5
155.0000000000,-3279.2,-2254.7,6035.0
156.0000000000,-3271.4,-2248.7,6021.2
157.0000000000,-3263.5,-2242.5,6007.0
158.0000000000,-3255.0,-2236.0,5992.0
159.0000000000,-3245.8,-2228.9,5975.8
160.0000000000,-3236.4,-2221.9,5959.4
161.0000000000,-3226.4,-2214.3,5941.8
162.0000000000,-3215.7,-2206.3,5923.1
163.0000000000,-3204.2,-2197.6,5903.0
164.0000000000,-3192.4,-2188.9,5882.4
165.0000000000,-3180.3,-2179.9,5861.4
166.0000000000,-3168.0,-2170.8,5839.9
167.0000000000,-3154.8,-2161.1,5817.0
168.0000000000,-3141.4,-2151.4,5793.9
169.0000000000,-3127.3,-2141.0,5769.5
170.0000000000,-3113.0,-2130.6,5744.7
171.0000000000,-3098.0,-2119.7,5718.9
172.0000000000,-3082.5,-2108.4,5692.0
173.0000000000,-3066.6,-2096.9,5664.6
174.0000000000,-3050.1,-2085.0,5636.3
175.0000000000,-3033.2,-2072.7,5607.1
176.0000000000,-3015.8,-2060.2,5577.2
177.0000000000,-2997.8,-2047.2,5546.3
178.0000000000,-2979.3,-2033.9,5514.5
179.0000000000,-2960.8,-2020.7,5482.7
180.0000000000,-2941.8,-2007.2,5450.2
181.0000000000,-2922.3,-1993.3,5416.9
182.0000000000,-2902.3,-1979.0,5382.5
183.0000000000,-2881.8,-1964.3,5347.3
184.0000000000,-2861.0,-1949.5,5311.8
185.0000000000,-2840.0,-1934.7,5276.0
186.0000000000,-2818.2,-1919.2,5238.8
187.0000000000,-2796.1,-1903.5,5200.9
188.0000000000,-2773.9,-1887.8,5163.0
189.0000000000,-2751.1,-1871.7,5124.1
190.0000000000,-2728.2,-1855.6,5085.1
191.0000000000,-2704.9,-1839.1,5045.4
192.0000000000,-2680.9,-1822.2,5004.5
193.0000000000,-2656.6,-1805.1,4963.1
194.0000000000,-2632.1,-1787.8,4921.3
195.0000000000,-2607.3,-1770.4,4879.1
196.0000000000,-2582.1,-1752.8,4836.3
197.0000000000,-2556.7,-1735.0,4793.1
198.0000000000,-2530.8,-1716.9,4749.1
199.0000000000,-2504.8,-1698.7,4704.9
200.0000000000,-2478.6,-1680.4,4660.5
201.0000000000,-2452.1,-1661.9,4615.4
202.0000000000,-2425.1,-1643.1,4569.6
203.0000000000,-2398.1,-1624.4,4524.0
204.0000000000,-2370.5,-1605.1,4477.1
205.0000000000,-2342.8,-1585.8,4430.0
206.0000000000,-2314.9,-1566.5,4383.0
207.0000000000,-2286.8,-1547.0,4335.4
208.0000000000,-2258.5,-1527.4,4287.5
209.0000000000,-2229.9,-1507.6,4239.1
210.0000000000,-2201.1,-1487.7,4190.3
211.0000000000,-2172.1,-1467.6,4141.3
212.0000000000,-2143.0,-1447.6,4092.1
213.0000000000,-2113.6,-1427.3,4042.4
214.0000000000,-2084.1,-1407.0,3992.6
215.0000000000,-2054.5,-1386.6,3942.7
216.0000000000,-2024.6,-1366.1,3892.2
217.0000000000,-1994.4,-1345.3,3841.3
218.0000000000,-1964.3,-1324.6,3790.5
219.0000000000,-1933.9,-1303.8,3739.3
220.0000000000,-1903.6,-1283.0,3688.2
221.0000000000,-1872.9,-1262.0,3636.5
222.0000000000,-1842.2,-1240.9,3584.7
223.0000000000,-1811.5,-1219.9,3533.1
224.0000000000,-1780.7,-1198.9,3481.2
225.0000000000,-1749.8,-1177.8,3429.3
226.0000000000,-1718.7,-1156.5,3376.8
227.0000000000,-1687.7,-1135.4,3324.7
228.0000000000,-1656.7,-1114.3,3272.6
229.0000000000,-1625.5,-1093.0,3220.2
230.0000000000,-1594.3,-1071.8,3167.8
231.0000000000,-1563.2,-1050.6,3115.5
232.0000000000,-1531.9,-1029.4,3063.0
233.0000000000,-1500.8,-1008.2,3010.7
234.0000000000,-1469.6,-987.11,2958.4
235.0000000000,-1438.4,-965.94,2906.1
236.0000000000,-1407.3,-944.81,2853.8
237.0000000000,-1376.2,-923.78,2801.7
238.0000000000,-1345.2,-902.79,2749.6
239.0000000000,-1314.2,-881.87,2697.7
240.0000000000,-1283.1,-860.86,2645.7
241.0000000000,-1252.2,-839.97,2593.8
242.0000000000,-1221.2,-819.10,2542.0
243.0000000000,-1190.5,-798.41,2490.6
244.0000000000,-1159.9,-777.77,2439.3
245.0000000000,-1129.4,-757.27,2388.3
246.0000000000,-1098.9,-736.77,2337.3
247.0000000000,-1068.6,-716.49,2286.8
248.0000000000,-1038.4,-696.23,2236.4
249.0000000000,-1008.4,-676.16,2186.3
250.0000000000,-978.60,-656.19,2136.5
251.0000000000,-948.95,-636.35,2087.0
252.0000000000,-919.32,-616.55,2037.5
253.0000000000,-889.91,-596.91,1988.5
254.0000000000,-860.65,-577.40,1939.7
255.0000000000,-831.67,-558.10,1891.4
256.0000000000,-802.89,-538.97,1843.5
257.0000000000,-774.31,-519.97,1795.9
258.0000000000,-745.98,-501.18,1748.8
259.0000000000,-717.82,-482.50,1702.0
260.0000000000,-689.88,-464.01,1655.5
261.0000000000,-662.14,-445.66,1609.4
262.0000000000,-634.73,-427.56,1563.9
263.0000000000,-607.55,-409.62,1518.8
264.0000000000,-580.65,-391.91,1474.1
265.0000000000,-554.03,-374.40,1430.0
266.0000000000,-527.68,-357.11,1386.4
267.0000000000,-501.67,-340.04,1343.3
268.0000000000,-475.92,-323.19,1300.6
269.0000000000,-450.46,-306.53,1258.5
270.0000000000,-425.27,-290.10,1216.9
271.0000000000,-400.46,-273.93,1175.9
272.0000000000,-375.92,-257.98,1135.4
273.0000000000,-351.77,-242.28,1095.5
274.0000000000,-327.94,-226.83,1056.2
275.0000000000,-304.41,-211.61,1017.5
276.0000000000,-281.25,-196.65,979.32
277.0000000000,-258.42,-181.93,941.75
278.0000000000,-235.99,-167.52,904.91
279.0000000000,-213.95,-153.38,868.71
280.0000000000,-192.30,-139.51,833.16
281.0000000000,-170.98,-125.90,798.21
282.0000000000,-150.05,-112.55,763.92
283.0000000000,-129.55,-99.526,730.37
284.0000000000,-109.45,-86.796,697.52
285.0000000000,-89.761,-74.364,665.38
286.0000000000,-70.476,-62.202,633.91
287.0000000000,-51.594,-50.343,603.15
288.0000000000,-33.111,-38.769,573.07
289.0000000000,-15.082,-27.523,543.77
290.0000000000,2.5043,-16.597,515.23
291.0000000000,19.652,-5.9656,487.43
292.0000000000,36.348,4.3391,460.40
293.0000000000,52.616,14.306,434.14
294.0000000000,68.419,23.979,408.64
295.0000000000,83.800,33.336,383.88
296.0000000000,98.696,42.354,359.94
297.0000000000,113.12,51.036,336.81
298.0000000000,127.09,59.391,314.46
299.0000000000,140.58,67.428,292.89
300.0000000000,153.62,75.128,272.13
301.0000000000,166.17,82.512,252.17
302.0000000000,178.21,89.522,233.09
303.0000000000,189.79,96.223,214.78
304.0000000000,200.86,102.57,197.33
305.0000000000,211.45,108.58,180.71
306.0000000000,221.54,114.24,164.92
307.0000000000,231.14,119.59,149.95
308.0000000000,240.22,124.57,135.86
309.0000000000,248.82,129.23,122.57
310.0000000000,256.90,133.54,110.15
311.0000000000,264.46,137.51,98.596
312.0000000000,271.52,141.14,87.879
313.0000000000,278.06,144.43,78.021
314.0000000000,284.05,147.37,69.053
315.0000000000,289.54,149.99,60.912
316.0000000000,294.50,152.27,53.655
317.0000000000,298.96,154.24,47.203
318.0000000000,302.87,155.87,41.633
319.0000000000,306.27,157.19,36.900
320.0000000000,309.12,158.20,33.016
321.0000000000,311.47,158.90,29.950
322.0000000000,313.26,159.29,27.756
323.0000000000,314.57,159.39,26.344
324.0000000000,315.30,159.19,25.809
325.0000000000,315.52,158.70,26.076
326.0000000000,315.22,157.92,27.164
327.0000000000,314.38,156.82,29.113
328.0000000000,313.00,155.40,31.925
329.0000000000,311.06,153.67,35.600
330.0000000000,308.64,151.63,40.079
331.0000000000,305.62,149.24,45.508
332.0000000000,302.09,146.52,51.778
333.0000000000,298.04,143.47,58.899
334.0000000000,293.46,140.10,66.867
335.0000000000,288.33,136.37,75.750
336.0000000000,282.64,132.26,85.575
337.0000000000,276.44,127.82,96.243
338.0000000000,269.72,123.04,107.77
339.0000000000,262.47,117.90,120.18
340.0000000000,254.72,112.43,133.43
341.0000000000,246.41,106.58,147.62
342.0000000000,237.60,100.40,162.63
343.0000000000,228.22,93.849,178.59
344.0000000000,218.33,86.935,195.42
345.0000000000,207.97,79.696,213.05
346.0000000000,197.05,72.093,231.59
347.0000000000,185.65,64.141,250.97
348.0000000000,173.76,55.866,271.16
349.0000000000,161.36,47.249,292.20
350.0000000000,148.42,38.258,314.16
351.0000000000,135.03,28.957,336.87
352.0000000000,121.10,19.288,360.49
353.0000000000,106.79,9.3607,384.76
354.0000000000,91.916,-0.94909,409.96
355.0000000000,76.545,-11.612,436.02
356.0000000000,60.665,-22.626,462.93
357.0000000000,44.358,-33.931,490.57
358.0000000000,27.605,-45.527,518.94
359.0000000000,10.420,-57.430,548.05
360.0000000000,-7.2269,-69.641,577.92
361.0000000000,-25.362,-82.190,608.63
362.0000000000,-43.943,-95.048,640.09
363.0000000000,-62.919,-108.16,672.20
364.0000000000,-82.350,-121.60,705.08
365.0000000000,-102.28,-135.38,738.80
366.0000000000,-122.53,-149.37,773.06
367.0000000000,-143.19,-163.63,808.00
368.0000000000,-164.27,-178.18,843.65
369.0000000000,-185.81,-193.04,880.06
370.0000000000,-207.76,-208.19,917.18
371.0000000000,-230.03,-223.54,954.82
372.0000000000,-252.78,-239.24,993.29
373.0000000000,-275.89,-255.17,1032.3
374.0000000000,-299.37,-271.35,1072.0
375.0000000000,-323.18,-287.76,1112.2
376.0000000000,-347.41,-304.46,1153.2
377.0000000000,-371.93,-321.33,1194.6
378.0000000000,-396.81,-338.47,1236.6
379.0000000000,-422.08,-355.86,1279.3
380.0000000000,-447.65,-373.46,1322.5
381.0000000000,-473.52,-391.25,1366.1
382.0000000000,-499.73,-409.27,1410.4
383.0000000000,-526.24,-427.50,1455.1
384.0000000000,-553.18,-446.02,1500.6
385.0000000000,-580.14,-464.51,1546.1
386.0000000000,-607.46,-483.28,1592.1
387.0000000000,-635.12,-502.26,1638.8
388.0000000000,-663.03,-521.41,1685.9
389.0000000000,-691.14,-540.69,1733.2
390.0000000000,-719.39,-560.04,1780.9
391.0000000000,-747.88,-579.54,1828.9
392.0000000000,-776.73,-599.30,1877.5
393.0000000000,-805.74,-619.18,1926.4
394.0000000000,-834.99,-639.21,1975.6
395.0000000000,-864.48,-659.39,2025.3
396.0000000000,-894.22,-679.76,2075.4
397.0000000000,-924.12,-700.22,2125.8
398.0000000000,-954.23,-720.82,2176.5
399.0000000000,-984.48,-741.49,2227.4
400.0000000000,-1014.9,-762.26,2278.6
401.0000000000,-1045.4,-783.13,2330.0
402.0000000000,-1076.0,-804.04,2381.5
403.0000000000,-1106.7,-824.95,2433.1
404.0000000000,-1137.5,-845.97,2485.0
405.0000000000,-1168.5,-867.10,2537.1
406.0000000000,-1199.7,-888.33,2589.5
407.0000000000,-1231.0,-909.73,2642.2
408.0000000000,-1262.3,-931.09,2694.9
409.0000000000,-1293.7,-952.43,2747.6
410.0000000000,-1325.2,-973.87,2800.5
411.0000000000,-1356.6,-995.24,2853.3
412.0000000000,-1388.0,-1016.6,2906.1
413.0000000000,-1419.6,-1038.1,2959.2
414.0000000000,-1451.2,-1059.6,3012.2
415.0000000000,-1482.9,-1081.1,3065.5
416.0000000000,-1514.7,-1102.7,3118.8
417.0000000000,-1546.4,-1124.2,3172.0
418.0000000000,-1577.9,-1145.6,3224.9
419.0000000000,-1609.6,-1167.1,3278.1
420.0000000000,-1641.2,-1188.5,3331.2
421.0000000000,-1672.8,-1209.9,3384.1
422.0000000000,-1704.3,-1231.2,3436.9
423.0000000000,-1735.6,-1252.4,3489.5
424.0000000000,-1766.9,-1273.6,3541.8
425.0000000000,-1798.1,-1294.8,3594.3
426.0000000000,-1829.4,-1315.9,3646.6
427.0000000000,-1860.6,-1337.0,3699.0
428.0000000000,-1891.5,-1357.9,3750.8
429.0000000000,-1922.4,-1378.8,3802.5
430.0000000000,-1953.2,-1399.6,3854.2
431.0000000000,-1983.8,-1420.2,3905.4
432.0000000000,-2014.3,-1440.9,3956.6
433.0000000000,-2044.3,-1461.1,4006.7
434.0000000000,-2074.2,-1481.2,4056.7
435.0000000000,-2104.1,-1501.3,4106.7
436.0000000000,-2133.9,-1521.4,4156.7
437.0000000000,-2163.6,-1541.5,4206.4
438.0000000000,-2193.0,-1561.3,4255.6
439.0000000000,-2222.0,-1580.7,4304.0
440.0000000000,-2250.9,-1600.2,4352.4
441.0000000000,-2279.8,-1619.6,4400.8
442.0000000000,-2308.7,-1639.1,4449.0
443.0000000000,-2336.8,-1657.9,4496.0
444.0000000000,-2364.7,-1676.6,4542.5
445.0000000000,-2392.6,-1695.4,4589.3
446.0000000000,-2420.2,-1713.9,4635.3
447.0000000000,-2447.3,-1732.0,4680.5
448.0000000000,-2474.2,-1749.9,4725.3
449.0000000000,-2500.8,-1767.7,4769.8
450.0000000000,-2527.1,-1785.3,4813.6
451.0000000000,-2553.2,-1802.7,4857.0
452.0000000000,-2579.0,-1819.9,4900.1
453.0000000000,-2604.1,-1836.6,4941.9
454.0000000000,-2629.1,-1853.2,4983.6
455.0000000000,-2654.0,-1869.8,5025.0
456.0000000000,-2678.2,-1885.9,5065.3
457.0000000000,-2702.3,-1901.9,5105.4
458.0000000000,-2726.1,-1917.7,5145.0
459.0000000000,-2749.1,-1932.9,5183.1
460.0000000000,-2771.9,-1947.9,5221.0
461.0000000000,-2794.6,-1962.9,5258.7
462.0000000000,-2816.7,-1977.5,5295.4
463.0000000000,-2838.3,-1991.8,5331.3
464.0000000000,-2859.6,-2005.8,5366.5
465.0000000000,-2880.7,-2019.7,5401.5
466.0000000000,-2901.3,-2033.3,5435.8
467.0000000000,-2921.5,-2046.5,5469.1
468.0000000000,-2941.0,-2059.3,5501.5
469.0000000000,-2960.2,-2071.9,5533.2
470.0000000000,-2979.1,-2084.2,5564.4
471.0000000000,-2997.5,-2096.2,5594.7
472.0000000000,-3015.5,-2107.9,5624.5
473.0000000000,-3033.2,-2119.5,5653.8
474.0000000000,-3050.1,-2130.4,5681.6
475.0000000000,-3066.7,-2141.1,5708.9
476.0000000000,-3083.0,-2151.8,5735.8
477.0000000000,-3098.6,-2161.8,5761.4
478.0000000000,-3113.3,-2171.2,5785.5
479.0000000000,-3128.1,-2180.7,5809.9
480.0000000000,-3142.2,-2189.6,5832.8
481.0000000000,-3155.6,-2198.1,5854.8
482.0000000000,-3168.5,-2206.2,5875.7
483.0000000000,-3181.0,-2214.2,5896.2
484.0000000000,-3193.2,-2221.8,5916.0
485.0000000000,-3204.4,-2228.7,5934.2
486.0000000000,-3215.5,-2235.7,5952.2
487.0000000000,-3226.3,-2242.4,5969.7
488.0000000000,-3236.3,-2248.6,5985.9
489.0000000000,-3245.7,-2254.3,6000.9
490.0000000000,-3254.6,-2259.7,6015.4
491.0000000000,-3262.8,-2264.5,6028.3
492.0000000000,-3270.7,-2269.3,6041.0
493.0000000000,-3278.0,-2273.6,6052.6
494.0000000000,-3285.0,-2277.7,6063.7
495.0000000000,-3291.4,-2281.3,6073.8
496.0000000000,-3297.1,-2284.5,6082.6
497.0000000000,-3302.5,-2287.4,6090.9
498.0000000000,-3307.2,-2289.9,6098.1
499.0000000000,-3311.3,-2292.0,6104.3
500.0000000000,-3315.0,-2293.8,6109.8
501.0000000000,-3317.9,-2295.0,6113.9
502.0000000000,-3320.8,-2296.4,6118.2
503.0000000000,-3323.1,-2297.2,6121.4
504.0000000000,-3324.3,-2297.2,6122.6
505.0000000000,-3325.6,-2297.4,6124.0
506.0000000000,-3326.1,-2297.0,6124.1
507.0000000000,-3326.0,-2296.2,6123.2
508.0000000000,-3325.6,-2295.3,6121.9
509.0000000000,-3324.5,-2293.8,6119.3
510.0000000000,-3322.5,-2291.6,6115.2
511.0000000000,-3320.2,-2289.3,6110.6
512.0000000000,-3317.4,-2286.7,6105.1
513.0000000000,-3314.0,-2283.6,6098.7
514.0000000000,-3309.9,-2280.0,6090.9
515.0000000000,-3305.4,-2276.2,6082.7
516.0000000000,-3300.2,-2271.8,6073.1
517.0000000000,-3294.8,-2267.4,6063.2
518.0000000000,-3288.4,-2262.2,6051.7
519.0000000000,-3281.6,-2256.8,6039.5
520.0000000000,-3274.4,-2251.2,6026.7
521.0000000000,-3266.6,-2245.2,6012.9
522.0000000000,-3258.6,-2238.9,5998.6
523.0000000000,-3249.8,-2232.2,5983.0
524.0000000000,-3240.6,-2225.2,5966.8
525.0000000000,-3231.0,-2218.0,5950.1
526.0000000000,-3220.7,-2210.2,5932.0
527.0000000000,-3210.0,-2202.1,5913.2
528.0000000000,-3198.6,-2193.6,5893.4
529.0000000000,-3186.8,-2184.9,5872.8
530.0000000000,-3174.3,-2175.6,5851.0
531.0000000000,-3161.4,-2166.0,5828.6
532.0000000000,-3148.2,-2156.4,5805.7
533.0000000000,-3134.4,-2146.2,5781.8
534.0000000000,-3120.3,-2136.0,5757.5
535.0000000000,-3105.3,-2125.0,5731.6
536.0000000000,-3090.3,-2114.1,5705.6
537.0000000000,-3074.5,-2102.7,5678.4
538.0000000000,-3058.2,-2090.8,5650.1
539.0000000000,-3041.7,-2078.9,5621.8
540.0000000000,-3024.3,-2066.3,5591.8
541.0000000000,-3006.7,-2053.7,5561.6
542.0000000000,-2988.6,-2040.7,5530.6
543.0000000000,-2970.1,-2027.4,5498.7
544.0000000000,-2951.0,-2013.7,5466.0
545.0000000000,-2931.9,-2000.1,5433.2
546.0000000000,-2912.1,-1986.0,5399.3
547.0000000000,-2892.1,-1971.7,5365.1
548.0000000000,-2871.6,-1957.2,5330.1
549.0000000000,-2850.5,-1942.1,5293.9
550.0000000000,-2829.1,-1927.0,5257.4
551.0000000000,-2807.4,-1911.5,5220.2
552.0000000000,-2785.5,-1896.1,5182.8
553.0000000000,-2762.9,-1880.1,5144.3
554.0000000000,-2740.0,-1863.9,5105.3
555.0000000000,-2716.6,-1847.4,5065.4
556.0000000000,-2693.0,-1830.7,5025.1
557.0000000000,-2669.0,-1813.9,4984.3
558.0000000000,-2644.9,-1796.9,4943.2
559.0000000000,-2620.1,-1779.5,4901.0
560.0000000000,-2595.2,-1762.0,4858.7
561.0000000000,-2569.7,-1744.1,4815.3
562.0000000000,-2544.2,-1726.3,4772.0
563.0000000000,-2518.3,-1708.1,4727.8
564.0000000000,-2492.0,-1689.7,4683.2
565.0000000000,-2465.6,-1671.3,4638.3
566.0000000000,-2438.7,-1652.6,4592.8
567.0000000000,-2411.6,-1633.7,4546.8
568.0000000000,-2384.3,-1614.7,4500.5
569.0000000000,-2356.7,-1595.5,4453.7
570.0000000000,-2329.1,-1576.3,4406.9
571.0000000000,-2301.1,-1556.9,4359.4
572.0000000000,-2272.9,-1537.4,4311.8
573.0000000000,-2244.5,-1517.7,4263.7
574.0000000000,-2215.7,-1497.7,4214.9
575.0000000000,-2186.8,-1477.7,4166.0
576.0000000000,-2157.5,-1457.6,4116.7
577.0000000000,-2128.1,-1437.2,4066.9
578.0000000000,-2098.8,-1417.0,4017.4
579.0000000000,-2069.0,-1396.6,3967.2
580.0000000000,-2039.2,-1376.0,3916.8
581.0000000000,-2009.2,-1355.4,3866.2
582.0000000000,-1979.1,-1334.8,3815.5
583.0000000000,-1949.0,-1314.2,3764.8
584.0000000000,-1918.7,-1293.3,3713.6
585.0000000000,-1888.2,-1272.4,3662.2
586.0000000000,-1857.6,-1251.5,3610.6
587.0000000000,-1826.9,-1230.5,3559.0
588.0000000000,-1796.1,-1209.4,3507.1
589.0000000000,-1765.2,-1188.3,3455.1
590.0000000000,-1734.2,-1167.1,3402.9
591.0000000000,-1703.2,-1146.0,3350.9
592.0000000000,-1672.2,-1124.8,3298.7
593.0000000000,-1641.0,-1103.6,3246.3
594.0000000000,-1610.0,-1082.5,3194.1
595.0000000000,-1578.7,-1061.2,3141.5
596.0000000000,-1547.4,-1039.9,3089.0
597.0000000000,-1516.2,-1018.7,3036.6
598.0000000000,-1485.1,-997.54,2984.3
599.0000000000,-1453.9,-976.45,2932.1
600.0000000000,-1422.8,-955.36,2879.8
601.0000000000,-1391.6,-934.21,2827.5
602.0000000000,-1360.5,-913.17,2775.4
603.0000000000,-1329.4,-892.16,2723.3
604.0000000000,-1298.4,-871.21,2671.3
605.0000000000,-1267.4,-850.28,2619.4
606.0000000000,-1236.6,-829.50,2567.8
607.0000000000,-1205.9,-808.79,2516.4
608.0000000000,-1175.2,-788.07,2464.9
609.0000000000,-1144.5,-767.49,2413.7
610.0000000000,-1114.1,-747.00,2362.8
611.0000000000,-1083.7,-726.62,2312.0
612.0000000000,-1053.5,-706.32,2261.5
613.0000000000,-1023.4,-686.13,2211.2
614.0000000000,-993.42,-666.08,2161.2
615.0000000000,-963.69,-646.19,2111.6
616.0000000000,-933.98,-626.32,2062.0
617.0000000000,-904.50,-606.64,2012.8
618.0000000000,-875.27,-587.15,1964.1
619.0000000000,-846.24,-567.82,1915.7
620.0000000000,-817.28,-548.54,1867.5
621.0000000000,-788.62,-529.48,1819.8
622.0000000000,-760.06,-510.52,1772.2
623.0000000000,-731.82,-491.80,1725.2
624.0000000000,-703.77,-473.20,1678.6
625.0000000000,-675.97,-454.81,1632.4
626.0000000000,-648.39,-436.58,1586.6
627.0000000000,-621.08,-418.54,1541.2
628.0000000000,-594.07,-400.76,1496.4
629.0000000000,-567.30,-383.15,1452.0
630.0000000000,-540.84,-365.76,1408.2
631.0000000000,-514.61,-348.54,1364.7
632.0000000000,-488.68,-331.54,1321.8
633.0000000000,-463.07,-314.77,1279.4
634.0000000000,-437.77,-298.25,1237.5
635.0000000000,-412.79,-281.95,1196.2
636.0000000000,-388.12,-265.89,1155.5
637.0000000000,-363.81,-250.10,1115.4
638.0000000000,-339.76,-234.49,1075.7
639.0000000000,-316.08,-219.16,1036.7
640.0000000000,-292.76,-204.08,998.27
641.0000000000,-269.82,-189.29,960.53
642.0000000000,-247.21,-174.73,923.33
643.0000000000,-224.96,-160.44,886.78
644.0000000000,-203.10,-146.41,850.87
645.0000000000,-181.59,-132.67,815.60
646.0000000000,-160.48,-119.20,781.01
647.0000000000,-139.76,-106.03,747.09
648.0000000000,-119.43,-93.125,713.83
649.0000000000,-99.515,-80.515,681.29
650.0000000000,-80.023,-68.211,649.48
651.0000000000,-60.935,-56.202,618.36
652.0000000000,-42.299,-44.514,588.01
653.0000000000,-24.043,-33.119,558.34
654.0000000000,-6.2110,-22.002,529.36
655.0000000000,11.142,-11.239,501.22
656.0000000000,28.067,-0.79769,473.83
657.0000000000,44.556,9.3620,447.16
658.0000000000,60.610,19.189,421.25
659.0000000000,76.178,28.684,396.17
660.0000000000,91.316,37.884,371.80
661.0000000000,106.00,46.751,348.23
662.0000000000,120.21,55.289,325.45
663.0000000000,133.93,63.489,303.50
664.0000000000,147.18,71.337,282.38
665.0000000000,159.94,78.858,262.07
666.0000000000,172.25,86.039,242.55
667.0000000000,184.04,92.902,223.86
668.0000000000,195.38,99.428,205.97
669.0000000000,206.19,105.60,188.96
670.0000000000,216.53,111.42,172.77
671.0000000000,226.35,116.92,157.42
672.0000000000,235.71,122.09,142.86
673.0000000000,244.53,126.90,129.21
674.0000000000,252.85,131.37,116.39
675.0000000000,260.67,135.50,104.40
676.0000000000,267.96,139.29,93.299
677.0000000000,274.74,142.74,83.037
678.0000000000,281.01,145.86,73.614
679.0000000000,286.77,148.65,65.047
680.0000000000,292.02,151.12,57.297
681.0000000000,296.74,153.25,50.426
682.0000000000,300.93,155.06,44.394
683.0000000000,304.61,156.56,39.196
684.0000000000,307.76,157.74,34.846
685.0000000000,310.37,158.59,31.363
686.0000000000,312.43,159.13,28.759
687.0000000000,313.96,159.37,26.974
688.0000000000,315.00,159.32,25.984
689.0000000000,315.45,158.96,25.892
690.0000000000,315.40,158.32,26.573
691.0000000000,314.85,157.39,28.068
692.0000000000,313.74,156.13,30.446
693.0000000000,312.08,154.56,33.685
694.0000000000,309.87,152.65,37.816
695.0000000000,307.16,150.45,42.749
696.0000000000,303.89,147.89,48.598
697.0000000000,300.11,145.02,55.275
698.0000000000,295.78,141.79,62.850
699.0000000000,290.89,138.22,71.327
700.0000000000,285.48,134.30,80.690
701.0000000000,279.54,130.04,90.916
702.0000000000,273.08,125.43,102.01
703.0000000000,266.11,120.47,113.96
704.0000000000,258.59,115.16,126.82
705.0000000000,250.53,109.49,140.58
706.0000000000,241.98,103.48,155.16
707.0000000000,232.85,97.090,170.70
708.0000000000,223.26,90.377,187.04
709.0000000000,213.16,83.313,204.23
710.0000000000,202.52,75.907,222.29
711.0000000000,191.34,68.096,241.31
712.0000000000,179.69,60.001,261.08
713.0000000000,167.50,51.501,281.80
714.0000000000,154.86,42.720,303.24
715.0000000000,141.71,33.580,325.56
716.0000000000,128.13,24.165,348.57
717.0000000000,114.01,14.369,372.52
718.0000000000,99.351,4.1881,397.38
719.0000000000,84.213,-6.2954,423.02
720.0000000000,68.629,-17.093,449.43
721.0000000000,52.572,-28.236,476.65
722.0000000000,36.065,-39.666,504.61
723.0000000000,19.025,-51.469,533.47
724.0000000000,1.6689,-63.480,562.86
725.0000000000,-16.298,-75.925,593.29
726.0000000000,-34.634,-88.609,624.33
727.0000000000,-53.447,-101.61,656.16
728.0000000000,-72.628,-114.88,688.63
729.0000000000,-92.321,-128.49,721.96
730.0000000000,-112.44,-142.40,756.01
731.0000000000,-132.95,-156.57,790.70
